,Name,Prices,Rate&Reviews
0,Home in New Delhi,"₹6,281","5.0 out of 5 average rating,  36 reviews"
1,Apartment in New Delhi,"₹2,693","4.79 out of 5 average rating,  87 reviews"
2,Place to stay in New Delhi,"₹8,047","5.0 out of 5 average rating,  75 reviews"
3,Flat in Noida,"₹4,702","4.9 out of 5 average rating,  173 reviews"
4,Flat in New Delhi,"₹2,624","4.93 out of 5 average rating,  46 reviews"
5,Apartment in New Delhi,"₹2,990","4.79 out of 5 average rating,  63 reviews"
6,Flat in New Delhi,"₹2,972","4.94 out of 5 average rating,  51 reviews"
7,Room in New Delhi,"₹1,610","4.73 out of 5 average rating,  15 reviews"
8,Home in New Delhi,"₹6,345","4.93 out of 5 average rating,  59 reviews"
9,Flat in New Delhi,"₹6,847","4.79 out of 5 average rating,  316 reviews"
10,Flat in New Delhi,"₹3,211","4.84 out of 5 average rating,  81 reviews"
11,Room in New Delhi,"₹2,967","4.88 out of 5 average rating,  43 reviews"
12,Flat in New Delhi,"₹6,332","5.0 out of 5 average rating,  49 reviews"
13,Room in Gurugram,"₹1,598","4.93 out of 5 average rating,  121 reviews"
14,Apartment in New Delhi,"₹4,299","5.0 out of 5 average rating,  11 reviews"
15,Flat in Noida,"₹4,521","4.91 out of 5 average rating,  109 reviews"
16,Home in New Delhi,"₹3,766","4.9 out of 5 average rating,  192 reviews"
17,Guest suite in New Delhi,"₹2,941","4.86 out of 5 average rating,  81 reviews"
18,Flat in Greater Noida,"₹3,332","4.92 out of 5 average rating,  102 reviews"
19,Apartment in New Delhi,"₹4,299","5.0 out of 5 average rating,  11 reviews"
20,Room in Gurugram,"₹1,598","4.93 out of 5 average rating,  121 reviews"
21,Flat in Noida,"₹4,284","4.85 out of 5 average rating,  131 reviews"
22,Room in New Delhi,"₹2,111","4.77 out of 5 average rating,  53 reviews"
23,Room in New Delhi,"₹2,910","4.95 out of 5 average rating,  64 reviews"
24,Flat in New Delhi,"₹1,729","4.89 out of 5 average rating,  157 reviews"
25,Apartment in New Delhi,"₹3,019","4.78 out of 5 average rating,  63 reviews"
26,Room in New Delhi,"₹2,192","4.87 out of 5 average rating,  79 reviews"
27,Room in New Delhi,"₹2,670","4.75 out of 5 average rating,  126 reviews"
28,Flat in New Delhi,"₹2,088","4.65 out of 5 average rating,  69 reviews"
29,Apartment in New Delhi,"₹3,950","4.63 out of 5 average rating,  48 reviews"
30,Place to stay in New Delhi,"₹1,769","4.93 out of 5 average rating,  15 reviews"
31,Apartment in New Delhi,"₹2,512","4.85 out of 5 average rating,  110 reviews"
32,Apartment in New Delhi,"₹2,285","4.76 out of 5 average rating,  59 reviews"
33,Room in New Delhi,"₹2,426","4.89 out of 5 average rating,  47 reviews"
34,Home in New Delhi,"₹3,024","4.78 out of 5 average rating,  115 reviews"
35,Hotel room in New Delhi,"₹1,655","4.57 out of 5 average rating,  316 reviews"
36,Apartment in New Delhi,"₹3,950","4.63 out of 5 average rating,  48 reviews"
37,Place to stay in New Delhi,"₹1,769","4.93 out of 5 average rating,  15 reviews"
38,Hotel room in New Delhi,"₹1,709","4.59 out of 5 average rating,  422 reviews"
39,Apartment in New Delhi,"₹2,285","4.76 out of 5 average rating,  59 reviews"
40,Apartment in New Delhi,"₹5,178","4.73 out of 5 average rating,  71 reviews"
41,Flat in New Delhi,"₹3,595","4.75 out of 5 average rating,  120 reviews"
42,Flat in New Delhi,"₹2,088","4.65 out of 5 average rating,  69 reviews"
43,Hotel room in New Delhi,"₹1,655","4.57 out of 5 average rating,  316 reviews"
44,Room in New Delhi,"₹1,598","5.0 out of 5 average rating,  9 reviews"
45,Room in New Delhi,"₹2,714","4.85 out of 5 average rating,  13 reviews"
46,Guest house in New Delhi,"₹2,148","4.67 out of 5 average rating,  9 reviews"
47,Room in New Delhi,"₹2,410","4.45 out of 5 average rating,  201 reviews"
48,Apartment in New Delhi,"₹2,054","4.64 out of 5 average rating,  75 reviews"
49,Apartment in New Delhi,"₹3,351","4.93 out of 5 average rating,  28 reviews"
50,Home in New Delhi,"₹3,024","4.78 out of 5 average rating,  115 reviews"
51,Apartment in New Delhi,"₹2,264","4.78 out of 5 average rating,  23 reviews"
52,Flat in New Delhi,"₹1,722","4.53 out of 5 average rating,  47 reviews"
53,Flat in Noida,"₹4,702","4.9 out of 5 average rating,  173 reviews"
54,Guest house in New Delhi,"₹2,684","4.89 out of 5 average rating,  46 reviews"
55,Flat in New Delhi,"₹4,310","4.92 out of 5 average rating,  53 reviews"
56,Flat in Ithaira,"₹1,600","4.77 out of 5 average rating,  115 reviews"
57,Apartment in Delhi,"₹3,766","4.9 out of 5 average rating,  88 reviews"
58,Flat in Delhi,"₹4,063",New place to stay
59,Guest suite in New Delhi,"₹2,054","5.0 out of 5 average rating,  4 reviews"
60,Flat in New Delhi,"₹5,720","4.92 out of 5 average rating,  95 reviews"
61,Flat in New Delhi,"₹2,912","4.94 out of 5 average rating,  64 reviews"
62,Room in New Delhi,"₹1,733","4.89 out of 5 average rating,  134 reviews"
63,Flat in New Delhi,"₹4,294","4.9 out of 5 average rating,  202 reviews"
64,Flat in Delhi,"₹10,000","4.71 out of 5 average rating,  52 reviews"
65,Place to stay in New Delhi,"₹2,967","4.78 out of 5 average rating,  65 reviews"
66,Flat in New Delhi,"₹2,511","4.76 out of 5 average rating,  67 reviews"
67,Apartment in New Delhi,"₹2,076","4.52 out of 5 average rating,  289 reviews"
68,Flat in New Delhi,"₹7,418","5.0 out of 5 average rating,  30 reviews"
69,Flat in New Delhi,"₹8,559","4.94 out of 5 average rating,  131 reviews"
70,Room in New Delhi,"₹3,880","4.96 out of 5 average rating,  210 reviews"
71,Room in New Delhi,"₹2,426","4.89 out of 5 average rating,  47 reviews"
72,Tiny home in New Delhi,"₹2,513","4.88 out of 5 average rating,  8 reviews"
73,Room in New Delhi,"₹2,376","4.9 out of 5 average rating,  58 reviews"
74,Flat in New Delhi,"₹3,422","4.95 out of 5 average rating,  37 reviews"
75,Farm stay in New Delhi,"₹16,904",New place to stay
76,Flat in Gurugram,"₹2,680","4.8 out of 5 average rating,  201 reviews"
77,Flat in New Delhi,"₹3,115","4.78 out of 5 average rating,  46 reviews"
78,Flat in New Delhi,"₹2,678","4.92 out of 5 average rating,  74 reviews"
79,Flat in New Delhi,"₹7,646","4.81 out of 5 average rating,  42 reviews"
80,Flat in New Delhi,"₹6,847","4.78 out of 5 average rating,  315 reviews"
81,Flat in New Delhi,"₹6,332","5.0 out of 5 average rating,  49 reviews"
82,Room in Delhi,"₹1,400","5.0 out of 5 average rating,  5 reviews"
83,Tiny home in New Delhi,"₹3,426","5.0 out of 5 average rating,  18 reviews"
84,Apartment in New Delhi,"₹3,837","4.85 out of 5 average rating,  178 reviews"
85,Apartment in New Delhi,"₹1,555","4.9 out of 5 average rating,  29 reviews"
86,Flat in New Delhi,"₹3,424","5.0 out of 5 average rating,  7 reviews"
87,Flat in New Delhi,"₹4,850","4.82 out of 5 average rating,  595 reviews"
88,Flat in New Delhi,"₹5,140","4.95 out of 5 average rating,  58 reviews"
89,Flat in New Delhi,"₹7,418","4.81 out of 5 average rating,  77 reviews"
90,Place to stay in New Delhi,"₹2,007","4.72 out of 5 average rating,  85 reviews"
91,Flat in Delhi,"₹2,167","4.75 out of 5 average rating,  24 reviews"
92,Flat in New Delhi,"₹11,074","4.88 out of 5 average rating,  171 reviews"
93,Flat in New Delhi,"₹5,649","4.82 out of 5 average rating,  228 reviews"
94,Home in New Delhi,"₹12,203","4.83 out of 5 average rating,  42 reviews"
95,Flat in New Delhi,"₹2,921","4.8 out of 5 average rating,  61 reviews"
96,Flat in New Delhi,"₹2,383","4.8 out of 5 average rating,  64 reviews"
97,Flat in New Delhi,"₹3,473","4.73 out of 5 average rating,  60 reviews"
98,Flat in Gurugram,"₹6,733","5.0 out of 5 average rating,  7 reviews"
99,Home in New Delhi,"₹8,978","4.71 out of 5 average rating,  99 reviews"
100,Flat in Delhi,"₹2,053","4.85 out of 5 average rating,  106 reviews"
101,Villa in New Delhi,"₹6,312","4.77 out of 5 average rating,  107 reviews"
102,Home in New Delhi,"₹8,910","4.75 out of 5 average rating,  4 reviews"
103,Apartment in New Delhi,"₹5,706","4.9 out of 5 average rating,  68 reviews"
104,Apartment in New Delhi,"₹9,152","4.9 out of 5 average rating,  88 reviews"
105,Tent in Noida,"₹3,036","5.0 out of 5 average rating,  10 reviews"
106,Flat in New Delhi,"₹2,191","4.74 out of 5 average rating,  38 reviews"
107,Flat in New Delhi,"₹4,750","4.86 out of 5 average rating,  133 reviews"
108,Apartment in New Delhi,"₹5,706","4.9 out of 5 average rating,  68 reviews"
109,Apartment in New Delhi,"₹9,152","4.9 out of 5 average rating,  88 reviews"
110,Tent in Noida,"₹3,036","5.0 out of 5 average rating,  10 reviews"
111,Flat in New Delhi,"₹2,191","4.74 out of 5 average rating,  38 reviews"
112,Flat in New Delhi,"₹4,750","4.86 out of 5 average rating,  133 reviews"
113,Apartment in Greater Noida,"₹1,803","4.89 out of 5 average rating,  170 reviews"
114,Flat in Delhi,"₹1,200","4.86 out of 5 average rating,  440 reviews"
115,Flat in New Delhi,"₹7,418","4.78 out of 5 average rating,  112 reviews"
116,Guest house in New Delhi,"₹4,592","4.89 out of 5 average rating,  61 reviews"
117,Apartment in New Delhi,"₹2,727","4.89 out of 5 average rating,  38 reviews"
118,Room in New Delhi,"₹1,803","5.0 out of 5 average rating,  37 reviews"
119,Flat in New Delhi,"₹12,553","4.86 out of 5 average rating,  14 reviews"
120,Flat in New Delhi,"₹3,371","4.79 out of 5 average rating,  440 reviews"
121,Loft in New Delhi,"₹3,689","4.94 out of 5 average rating,  67 reviews"
122,Apartment in New Delhi,"₹3,994","5.0 out of 5 average rating,  7 reviews"
123,Apartment in Delhi,"₹5,880","4.98 out of 5 average rating,  45 reviews"
124,Flat in New Delhi,"₹8,559","4.97 out of 5 average rating,  59 reviews"
125,Home in New Delhi,"₹6,900","4.83 out of 5 average rating,  58 reviews"
126,Apartment in New Delhi,"₹2,702","4.92 out of 5 average rating,  26 reviews"
127,Flat in New Delhi,"₹6,172","4.9 out of 5 average rating,  88 reviews"
128,Flat in Girdharpur Sunarasi,"₹2,856","5.0 out of 5 average rating,  24 reviews"
129,Guest house in New Delhi,"₹12,893","4.86 out of 5 average rating,  76 reviews"
130,Apartment in Delhi,"₹3,538","4.77 out of 5 average rating,  233 reviews"
131,Place to stay in New Delhi,"₹2,069","4.88 out of 5 average rating,  16 reviews"
132,Flat in Noida,"₹3,207","5.0 out of 5 average rating,  3 reviews"
133,Flat in Delhi,"₹6,162","4.88 out of 5 average rating,  52 reviews"
134,Apartment in New Delhi,"₹2,967","4.77 out of 5 average rating,  207 reviews"
135,Apartment in New Delhi,"₹5,146","4.93 out of 5 average rating,  182 reviews"
136,Apartment in New Delhi,"₹9,586","4.93 out of 5 average rating,  73 reviews"
137,Flat in Ithaira,"₹1,817","4.72 out of 5 average rating,  32 reviews"
138,Apartment in New Delhi,"₹4,101","4.95 out of 5 average rating,  38 reviews"
139,Room in New Delhi,"₹1,711","4.86 out of 5 average rating,  66 reviews"
140,Apartment in New Delhi,"₹2,511","4.87 out of 5 average rating,  79 reviews"
141,Flat in New Delhi,"₹7,418","4.9 out of 5 average rating,  20 reviews"
142,Room in New Delhi,"₹2,407","4.89 out of 5 average rating,  46 reviews"
143,Room in New Delhi,"₹4,564","4.93 out of 5 average rating,  134 reviews"
144,Apartment in New Delhi,"₹2,071","4.8 out of 5 average rating,  44 reviews"
145,Flat in New Delhi,"₹4,617","4.89 out of 5 average rating,  9 reviews"
146,Flat in New Delhi,"₹2,853","4.85 out of 5 average rating,  27 reviews"
147,Apartment in New Delhi,"₹5,934","4.78 out of 5 average rating,  204 reviews"
148,Flat in New Delhi,"₹3,652","4.63 out of 5 average rating,  16 reviews"
149,Flat in Noida,"₹2,782","4.86 out of 5 average rating,  7 reviews"
150,Flat in New Delhi,"₹7,609","4.85 out of 5 average rating,  47 reviews"
151,Room in New Delhi,"₹4,564","5.0 out of 5 average rating,  7 reviews"
152,Flat in Greater Noida,"₹1,931","4.96 out of 5 average rating,  46 reviews"
153,Flat in New Delhi,"₹3,682","4.96 out of 5 average rating,  96 reviews"
154,Flat in Noida,"₹4,629","4.91 out of 5 average rating,  11 reviews"
155,Room in New Delhi,"₹1,370","4.96 out of 5 average rating,  23 reviews"
156,Apartment in Gurugram,"₹2,539","4.89 out of 5 average rating,  27 reviews"
157,Bungalow in New Delhi,"₹6,868","4.88 out of 5 average rating,  24 reviews"
158,Flat in New Delhi,"₹15,348","4.91 out of 5 average rating,  118 reviews"
159,Home in New Delhi,"₹7,032",New place to stay
160,Home in New Delhi,"₹3,392","4.87 out of 5 average rating,  54 reviews"
161,Flat in New Delhi,"₹2,636","4.87 out of 5 average rating,  100 reviews"
162,Flat in Noida,"₹3,660","4.96 out of 5 average rating,  23 reviews"
163,Apartment in Gurugram,"₹2,539","4.89 out of 5 average rating,  27 reviews"
164,Bungalow in New Delhi,"₹6,868","4.88 out of 5 average rating,  24 reviews"
165,Flat in New Delhi,"₹15,348",New place to stay
166,Home in New Delhi,"₹3,392","4.87 out of 5 average rating,  54 reviews"
167,Flat in New Delhi,"₹2,636","4.71 out of 5 average rating,  7 reviews"
168,Room in New Delhi,"₹1,231","4.93 out of 5 average rating,  99 reviews"
169,Flat in New Delhi,"₹8,673","4.86 out of 5 average rating,  22 reviews"
170,Place to stay in New Delhi,"₹2,509","4.89 out of 5 average rating,  113 reviews"
171,Apartment in New Delhi,"₹4,793","4.88 out of 5 average rating,  117 reviews"
172,Flat in Noida,"₹4,193","4.98 out of 5 average rating,  135 reviews"
173,Apartment in Delhi,"₹4,163","5.0 out of 5 average rating,  43 reviews"
174,Flat in Gurugram,"₹5,358","4.94 out of 5 average rating,  18 reviews"
175,Loft in Delhi,"₹2,999","4.71 out of 5 average rating,  35 reviews"
176,Room in New Delhi,"₹2,138","4.88 out of 5 average rating,  119 reviews"
177,Flat in New Delhi,"₹7,988","5.0 out of 5 average rating,  19 reviews"
178,Flat in Noida,"₹5,135","4.69 out of 5 average rating,  32 reviews"
179,Apartment in New Delhi,"₹2,959","4.88 out of 5 average rating,  119 reviews"
180,Flat in New Delhi,"₹7,988","5.0 out of 5 average rating,  19 reviews"
181,Flat in Noida,"₹5,135","4.69 out of 5 average rating,  32 reviews"
182,Apartment in New Delhi,"₹2,959","4.84 out of 5 average rating,  62 reviews"
183,Flat in Noida,"₹2,742","4.87 out of 5 average rating,  54 reviews"
184,Flat in New Delhi,"₹9,700","5.0 out of 5 average rating,  9 reviews"
185,Room in Noida,"₹1,554","4.94 out of 5 average rating,  112 reviews"
186,Apartment in New Delhi,"₹8,125","4.8 out of 5 average rating,  20 reviews"
187,Flat in Delhi,"₹2,651","5.0 out of 5 average rating,  5 reviews"
188,Flat in New Delhi,"₹1,733","4.78 out of 5 average rating,  156 reviews"
189,Room in New Delhi,"₹1,520","5.0 out of 5 average rating,  22 reviews"
190,Flat in New Delhi,"₹14,265","4.77 out of 5 average rating,  123 reviews"
191,Room in Delhi,"₹1,500","4.96 out of 5 average rating,  26 reviews"
192,Flat in New Delhi,"₹8,571","4.52 out of 5 average rating,  261 reviews"
193,Apartment in New Delhi,"₹3,948","4.94 out of 5 average rating,  17 reviews"
194,Flat in New Delhi,"₹4,578","4.75 out of 5 average rating,  4 reviews"
195,Room in New Delhi,"₹1,360","4.8 out of 5 average rating,  82 reviews"
196,Place to stay in New Delhi,"₹2,834","4.56 out of 5 average rating,  59 reviews"
197,Apartment in New Delhi,"₹2,160","5.0 out of 5 average rating,  4 reviews"
198,Apartment in New Delhi,"₹3,655","4.95 out of 5 average rating,  80 reviews"
199,Flat in New Delhi,"₹18,188",New place to stay
200,Flat in New Delhi,"₹4,913","4.74 out of 5 average rating,  232 reviews"
201,Flat in New Delhi,"₹8,031","4.8 out of 5 average rating,  45 reviews"
202,Apartment in New Delhi,"₹3,074",New place to stay
203,Flat in Noida,"₹3,911","4.75 out of 5 average rating,  280 reviews"
204,Place to stay in New Delhi,"₹2,259","4.75 out of 5 average rating,  53 reviews"
205,Home in New Delhi,"₹4,200","4.87 out of 5 average rating,  53 reviews"
206,Flat in New Delhi,"₹7,988","4.63 out of 5 average rating,  16 reviews"
207,Home in New Delhi,"₹2,967","4.62 out of 5 average rating,  13 reviews"
208,Flat in New Delhi,"₹3,224",New place to stay
209,Flat in Greater Noida,"₹2,333","4.92 out of 5 average rating,  76 reviews"
210,Flat in Gurugram,"₹5,781","4.87 out of 5 average rating,  158 reviews"
211,Flat in New Delhi,"₹3,652","4.79 out of 5 average rating,  90 reviews"
212,Home in Noida,"₹2,864","4.97 out of 5 average rating,  92 reviews"
213,Flat in Gurugram,"₹5,739","4.98 out of 5 average rating,  86 reviews"
214,Flat in Gurugram,"₹3,194","4.89 out of 5 average rating,  47 reviews"
215,Flat in Greater Noida,"₹2,799","4.88 out of 5 average rating,  57 reviews"
216,Home in Delhi,"₹2,366","4.91 out of 5 average rating,  80 reviews"
217,Apartment in Gurugram,"₹1,690","4.79 out of 5 average rating,  152 reviews"
218,Flat in New Delhi,"₹7,189","4.98 out of 5 average rating,  45 reviews"
219,Home in Gurugram,"₹2,053","4.62 out of 5 average rating,  77 reviews"
220,Flat in Gurugram,"₹3,652","5.0 out of 5 average rating,  11 reviews"
221,Flat in Delhi,"₹4,820",New place to stay
222,Flat in New Delhi,"₹10,271","4.83 out of 5 average rating,  277 reviews"
223,Flat in New Delhi,"₹3,506","4.6 out of 5 average rating,  172 reviews"
224,Room in New Delhi,"₹4,021","4.74 out of 5 average rating,  65 reviews"
225,Room in New Delhi,"₹4,200","4.72 out of 5 average rating,  114 reviews"
226,Room in New Delhi,"₹3,287","5.0 out of 5 average rating,  3 reviews"
227,Guest suite in New Delhi,"₹3,080","4.89 out of 5 average rating,  134 reviews"
228,Apartment in Gurugram,"₹2,782","4.92 out of 5 average rating,  52 reviews"
229,Room in New Delhi,"₹2,178","4.91 out of 5 average rating,  272 reviews"
230,Room in New Delhi,"₹3,994","4.8 out of 5 average rating,  10 reviews"
231,Flat in New Delhi,"₹5,706","4.78 out of 5 average rating,  129 reviews"
232,Room in New Delhi,"₹3,127","4.66 out of 5 average rating,  50 reviews"
233,Apartment in Noida,"₹2,154","5.0 out of 5 average rating,  9 reviews"
234,Apartment in New Delhi,"₹3,697",New place to stay
235,Home in New Delhi,"₹9,015","5.0 out of 5 average rating,  4 reviews"
236,Flat in New Delhi,"₹1,711","4.65 out of 5 average rating,  23 reviews"
237,Flat in New Delhi,"₹3,295","4.8 out of 5 average rating,  76 reviews"
238,Flat in New Delhi,"₹5,264","4.82 out of 5 average rating,  136 reviews"
239,Room in Delhi,"₹1,600","4.88 out of 5 average rating,  57 reviews"
240,Apartment in New Delhi,"₹5,717","4.91 out of 5 average rating,  80 reviews"
241,Apartment in Gurugram,"₹1,690","4.98 out of 5 average rating,  45 reviews"
242,Flat in New Delhi,"₹7,189","4.62 out of 5 average rating,  77 reviews"
243,Flat in Gurugram,"₹3,652","5.0 out of 5 average rating,  11 reviews"
244,Flat in Delhi,"₹4,820","4.78 out of 5 average rating,  23 reviews"
245,Flat in New Delhi,"₹10,271","4.83 out of 5 average rating,  277 reviews"
246,Apartment in Noida,"₹4,587","4.6 out of 5 average rating,  172 reviews"
247,Room in New Delhi,"₹4,021","4.74 out of 5 average rating,  65 reviews"
248,Room in New Delhi,"₹4,200","4.72 out of 5 average rating,  114 reviews"
249,Room in New Delhi,"₹3,287","5.0 out of 5 average rating,  3 reviews"
250,Guest suite in New Delhi,"₹3,080","4.96 out of 5 average rating,  67 reviews"
251,Apartment in Gurugram,"₹2,782","4.88 out of 5 average rating,  34 reviews"
252,Room in New Delhi,"₹4,564","4.94 out of 5 average rating,  79 reviews"
253,Apartment in Greater Noida,"₹2,782","4.82 out of 5 average rating,  57 reviews"
254,Villa in New Delhi,"₹6,322","4.77 out of 5 average rating,  44 reviews"
255,Room in New Delhi,"₹2,412","4.77 out of 5 average rating,  26 reviews"
256,Apartment in Gurugram,"₹5,705","4.9 out of 5 average rating,  194 reviews"
257,Flat in New Delhi,"₹2,950","4.79 out of 5 average rating,  57 reviews"
258,Room in New Delhi,"₹2,853","4.91 out of 5 average rating,  34 reviews"
259,Apartment in New Delhi,"₹5,135","4.9 out of 5 average rating,  10 reviews"
260,Flat in Gurugram,"₹3,299","4.77 out of 5 average rating,  61 reviews"
261,Room in New Delhi,"₹2,258","5.0 out of 5 average rating,  17 reviews"
262,Flat in Gurugram,"₹1,477","4.61 out of 5 average rating,  44 reviews"
263,Flat in Delhi,"₹1,712","4.79 out of 5 average rating,  70 reviews"
264,Flat in New Delhi,"₹2,111","4.96 out of 5 average rating,  26 reviews"
265,Room in New Delhi,"₹2,225","4.65 out of 5 average rating,  74 reviews"
266,Apartment in Gurugram,"₹11,494","4.77 out of 5 average rating,  53 reviews"
267,Flat in New Delhi,"₹6,847","4.2 out of 5 average rating,  5 reviews"
268,Flat in New Delhi,"₹8,395",New
269,Flat in New Delhi,"₹5,020",New
